isbn,Title,Author,Genres,Description,Language,Total Copies,available_copies
9780000000001,Executive,Jason Rodriguez,Non-Fiction;Young Adult,Movie forward system civil front free.,Chinese,9,1
9780000000002,Common,Jeffrey Miller,Biography;Horror,Attorney firm large town behavior central. Factor issue local.,Japanese,11,0
9780000000003,Study shoulder gas,Christine Lynch,Thriller,Speak firm huge shoulder mention range point. Three main protect hear all senior consider star.,Arabic,11,11
9780000000004,Price color front,Benjamin Bryant,Fiction,Administration only story guy to young. Mother rich training police yeah who.,Chinese,3,3
9780000000005,Result name,Mrs. Kimberly Gray,Thriller,Act lead again. Rate west plant a pay member.,Portuguese,4,0
9780000000006,Beautiful,Adam Herrera,Science Fiction;Horror;Young Adult,Reason identify world energy line seem friend.,English,10,6
9780000000007,Agency player clearly white ask thank,Michael Manning,Mystery;Historical,Serve hit fill trial. Simply home call window military.,English,10,5
9780000000008,Coach operation it scientist lawyer again last school,Michelle Hayes,Fantasy;Children,Citizen foot might. Case matter nation hard throw future even.,Arabic,19,10
9780000000009,During though,Andrew Mason,Horror;Young Adult,Current yet three create north be first.,Arabic,14,10
9780000000010,Never card three very career top,James Johnson DDS,Young Adult;Philosophy;Self-Help,Future trial style understand particular accept soldier. Participant manager receive business appear technology gun protect.,Portuguese,17,13
9780000000011,Firm describe last specific,Zachary Reyes,Fiction;Children;Young Adult,Heart enter under task heavy attorney.,Spanish,3,3
9780000000012,Business enter star,Tony Williams,Thriller,Blue of white foot positive. Subject none general we lay.,Japanese,18,12
9780000000013,Town every,Catherine Smith,Historical;Romance;Self-Help,Local amount your center. Through determine tell leg tonight thought.,Japanese,1,0
9780000000014,Relationship too add role dinner,Shelby Mitchell,Children,Interesting parent market clearly another modern. Style few tend level executive begin kind.,Japanese,1,1
9780000000015,Newspaper southern minute,Madison Long,Biography;Horror,Art item pressure military. Manage create deep drop.,English,10,7
9780000000016,Election,Angel Ho,Historical;Science Fiction;Children,Prevent natural among walk room these.,Arabic,15,12
9780000000017,Recognize until fight executive poor,Jose Goodman,Fiction,Different develop production its night hope worker.,Spanish,15,6
9780000000018,Than expert,Nathan Rodriguez,Young Adult;Thriller,Unit good pass knowledge good guy hospital.,Hindi,14,10
9780000000019,Black stop send,Erika Miller,Non-Fiction,Conference call little surface accept small.,French,17,11
9780000000020,Give,Charles Ellis,Romance,Arrive charge leave bed property grow.,English,18,12
9780000000021,Technology,Richard Peterson,Poetry;Philosophy;Romance,Push factor protect generation.,English,11,4
9780000000022,Spring around ask under,Calvin Sparks,Young Adult,Enjoy inside worker happy personal suffer theory. Eye finish success song media able family her.,Arabic,11,6
9780000000023,Particular know bit,Nichole Gonzalez,Philosophy,Day group sing exist three.,Spanish,14,1
9780000000024,Clear ago rock,Stephanie Chambers,Philosophy;Fantasy,Contain carry research big building trial.,French,2,2
9780000000025,Arm effort candidate improve perform,Kristen Wilson,Mystery;Science Fiction;Philosophy,Window form son point. Keep dog behavior both beyond.,Hindi,13,5
9780000000026,Study stage those,Michael Wilkins,Thriller;Biography;Non-Fiction,A decide trouble space can suggest.,Spanish,19,12
9780000000027,Movie instead since hope,Shane Martinez,Poetry,Entire approach push research themselves find. Six full age certainly expect which interview.,Spanish,15,0
9780000000028,And assume sometimes will,Anthony Walker,Children;Poetry,Official couple notice stage its movement half.,Portuguese,10,6
9780000000029,Behind,Todd Frost,Biography,Push choose popular better research.,Japanese,17,16
9780000000030,Something third past free consumer price,Mary Garcia,Thriller,Charge sort career relationship on.,Arabic,4,4
9780000000031,Member relationship exist suddenly,Sarah House,Horror,Three page century.,Japanese,3,2
9780000000032,Want over law pretty phone still look he,Julie Wong,Fantasy,Shake young present wife cup always appear.,Japanese,9,6
9780000000033,Military,Nicole Alvarado,Non-Fiction;Fantasy;Biography,Authority off wish media require shake maintain moment.,German,1,0
9780000000034,They somebody marriage,Larry Richard,Fantasy;Non-Fiction;Self-Help,Put computer bill require apply middle.,Japanese,3,2
9780000000035,Hard American chair power,Jennifer Lamb,Science Fiction;Young Adult;Biography,Meet pressure sign magazine protect. Choose go quality point different interview support.,Spanish,16,15
9780000000036,How another investment indicate because force,Brian Reeves,Mystery,Fly draw red reason TV live. Receive program allow call large staff student investment.,Portuguese,11,6
9780000000037,Happen,Tanya Adams,Horror;Science Fiction;Self-Help,Financial author day another next with act. Middle hundred matter sometimes contain director recently.,English,20,19
9780000000038,Bring available meeting heart cultural bed,Christopher Miller,Poetry;Self-Help,Stand pressure large room we research.,French,2,1
9780000000039,Appear view water hotel street,Holly Brown,Philosophy;Children,Building know matter almost. Sound firm expert floor line.,Chinese,11,5
9780000000040,Move tend,Sara Clark,Thriller;Young Adult,Newspaper support treat class less smile live.,German,6,3
9780000000041,Leg travel,Thomas Miller,Romance;Biography,Work trade particular focus not partner can. Claim indicate meeting quality.,Hindi,6,6
9780000000042,Parent since company minute traditional,Noah Miller,Thriller;Non-Fiction,As letter plan care collection record campaign. Indeed civil environmental discussion staff.,Hindi,4,2
9780000000043,Course order seek finally two,Jermaine White,Thriller;Fiction;Romance,Program claim always during girl base tree itself. Wonder model paper down.,English,19,12
9780000000044,Increase choose,Carolyn Hubbard,Historical,Scene whatever past financial it over. Century director season so media writer onto.,Japanese,8,7
9780000000045,City collection material,Anna Fuller,Self-Help;Horror,Rest phone protect discuss point discussion per.,Japanese,8,7
9780000000046,So edge father door,Dan Lee,Horror;Mystery;Thriller,Message with audience let measure job.,English,6,0
9780000000047,Big,Mandy Thomas,Philosophy;Historical,Kid security life few. Look go surface discuss grow understand effort.,Spanish,16,1
9780000000048,Money billion popular get street language,David Wong,Science Fiction;Thriller;Children,Return sense staff push during. Head claim year hand they should.,German,20,1
9780000000049,Reflect reach accept TV worker different,Brittney George,Horror;Self-Help;Young Adult,Fly represent present front word approach age card. Consumer consumer show tree drop.,Hindi,19,0
9780000000050,Community everybody husband,James Barnes,Romance;Fantasy;Poetry,Avoid scientist just power. Training collection individual wait.,French,9,4
9780000000051,Myself loss American,John Patterson,Thriller;Romance,Management travel perform perform size with capital.,English,20,0
9780000000052,Develop read at member,Kimberly Crawford,Science Fiction;Fantasy;Fiction,Song south power might degree court.,Hindi,17,5
9780000000053,Think phone federal team expert much hospital,Christian Dodson,Mystery,Blood just argue seem have serious.,Portuguese,15,7
9780000000054,Among perhaps western similar fund,Mark Colon,Non-Fiction;Horror;Historical,Early open financial open example loss.,Arabic,18,8
9780000000055,Treat magazine,Holly Ellis,Horror;Non-Fiction;Philosophy,Position certain itself anyone. Hotel manage decision forget decide direction.,Chinese,14,12
9780000000056,Camera easy carry old him security,Amy Waller,Fiction,Together what property east television game data hot. While ask window possible herself well Congress.,Chinese,14,8
9780000000057,Interest force group right on,Peter Fowler,Historical,Adult adult various arm. Clear weight car positive.,Spanish,7,3
9780000000058,Drug seem,Andrew Hunter,Fantasy,Need realize save marriage long worry. Down institution leave process go thank then central.,German,3,3
9780000000059,Once discuss,Danielle Sanchez,Romance,Short fill drug above either.,Japanese,18,0
9780000000060,Wife break,Emily Lara,Poetry,Sign reality prepare might.,Chinese,10,2
9780000000061,Happy free letter,Kristi Washington,Mystery,Student beyond list culture.,Japanese,7,0
9780000000062,Response action near professional while,Brittany Mckay,Historical,Performance often receive talk. Usually tell adult bed.,German,14,3
9780000000063,Baby in rock project full call protect,Virginia Gentry,Horror;Romance;Children,Finally scientist total this plan thank offer eye. Sing situation lawyer author likely.,Arabic,7,6
9780000000064,Like,Michael Collins,Children;Fiction,Relate exactly there option run rise blue. Catch though catch provide.,Hindi,5,3
9780000000065,Reveal building,Brenda Wright,Non-Fiction,While once example carry until join bad trip.,Portuguese,12,8
9780000000066,Seek thought hotel interesting stand alone tell,Joel Weaver,Historical,Decide the collection ten. Capital continue ball ground dog.,Arabic,12,4
9780000000067,Sell account mean account,Jessica Jackson,Romance,Federal west argue thus without.,English,4,4
9780000000068,Difficult talk,Ryan Thomas,Philosophy;Thriller;Poetry,Ask share stop against need but concern. Take true study according these drug watch.,French,7,6
9780000000069,Memory consider instead,Mr. Michael Zhang,Science Fiction;Historical,Throughout himself place sea office.,Spanish,1,0
9780000000070,Consider customer,Christopher Smith,Fiction;Non-Fiction,Particular six time least executive center.,Spanish,8,7
9780000000071,Show sort line,Bill Harris,Philosophy,Father what produce along surface.,Chinese,2,0
9780000000072,Stand war long develop,Barbara Arnold,Historical,Billion couple analysis moment stop take. Understand cut election experience probably put once.,French,5,5
9780000000073,Forget,Jessica Miller,Historical;Young Adult,Imagine star practice table nothing what. Hold who simply wall true public guy.,German,8,3
9780000000074,Reflect strong trade,Lisa Ho MD,Philosophy;Science Fiction,Operation entire class movie minute young.,French,1,1
9780000000075,Always expert home president music,Bradley Green,Romance;Thriller;Young Adult,Design mouth too we reach least and.,German,2,0
9780000000076,Enter from indeed person next,Cindy Lane,Non-Fiction,Affect two indeed material work. Mind all lose thus hand.,German,10,3
9780000000077,He ten worker,Tricia Williams,Young Adult;Fiction;Horror,Condition with effort mention friend project product line. Seek no occur their food manage party.,Arabic,9,6
9780000000078,Recognize serious major argue pattern big,Charles Oneill,Thriller;Philosophy,Ever brother concern management. Which physical relate piece.,Spanish,14,14
9780000000079,Heart,Brian Schaefer,Mystery;Thriller;Children,Relationship whatever company. Art degree civil animal ready.,English,12,8
9780000000080,Writer sing,Andrew Chandler,Mystery;Non-Fiction;Romance,Speak general focus cause unit teacher buy.,Spanish,20,10
9780000000081,Particularly ask plant movie,Nicholas Davis,Poetry,Standard improve approach direction picture adult.,Arabic,7,6
9780000000082,Shoulder tonight,Peter Li,Fantasy,Approach life much least find begin inside season.,Japanese,14,12
9780000000083,Book true go dark,Casey Garcia,Philosophy;Biography,Season letter even head result spring.,Arabic,6,3
9780000000084,Once,Andre Perry,Poetry;Fiction,Mission final side trip meeting three official. Process ball fire dark away deep.,Spanish,7,5
9780000000085,Game us yet,Jessica Johnson,Science Fiction,Unit artist laugh film huge carry contain.,French,9,1
9780000000086,Prove,Mary Garcia,Fiction;Mystery,Audience wide former us participant her word.,Japanese,5,2
9780000000087,Travel Mr factor employee,Jaime Lane,Self-Help,But per space apply.,Hindi,17,17
9780000000088,Career,Timothy Montgomery,Biography;Non-Fiction;Thriller,Brother approach under natural community professor. Even health official inside letter million adult.,Hindi,10,7
9780000000089,Fast cut soon,Gerald Bennett,Non-Fiction,Pay finally word including.,French,20,3
9780000000090,Effort television myself pick trouble effort,Stephen Schmidt,Children;Thriller,Put company speech analysis poor attack.,Spanish,5,3
9780000000091,Describe,Jesse Davis,Fantasy;Horror,Thought American own might candidate public hour.,English,14,2
9780000000092,Develop culture,Andrew Jones,Biography,Relate behavior nor high indicate. Partner arrive adult thing travel none.,Hindi,14,2
9780000000093,Environment thousand real somebody foreign high,Jack Hayes,Non-Fiction;Children,Such all report without wife know. Seat lay mention under close place hotel.,English,4,4
9780000000094,Religious spend listen white skill,Louis Wilkerson,Self-Help;Fiction,Five ever service high culture nor organization. Save continue race.,Arabic,7,4
9780000000095,Sport sing some remember,Dr. Elizabeth Ayala MD,Biography;Young Adult;Philosophy,Shake evidence group little. Necessary who certain important.,Japanese,1,0
9780000000096,That science,Mary Rice,Horror;Fantasy,President of young little.,Chinese,7,7
9780000000097,Sister their,Frederick Fuller,Non-Fiction;Children,Our population under foreign police factor scientist. Win director program big maybe entire.,Spanish,6,5
9780000000098,Receive within,Bradley Webb,Fantasy;Children;Non-Fiction,Certain argue I majority popular.,Portuguese,19,6
9780000000099,Wonder heart authority sure,Jamie Kelley,Poetry;Children;Romance,Magazine oil this management determine success significant. Job avoid hotel fact by key.,Arabic,12,1
9780000000100,Light many through,Lawrence Roberts,Historical,Four audience or already. Push book each.,English,18,9
9780000000101,Such chair,Amy Chan,Philosophy,Plan leave that stand understand key community.,English,5,5
9780000000102,Do rest say sea,Debra Cline,Poetry,Author market structure blue protect friend.,English,14,12
9780000000103,Leg job understand small fast,Lisa Mitchell,Romance;Thriller;Philosophy,Institution reality interesting.,Spanish,13,6
9780000000104,Learn,James Morgan,Fiction,Continue set hit fire four hot head.,German,5,5
9780000000105,Evening else small meeting,Bruce Hughes,Philosophy;Self-Help;Mystery,Move collection future direction.,Japanese,17,13
9780000000106,Enjoy everything top large,Kara Richards,Romance;Children,Pay step production teacher moment.,Spanish,18,16
9780000000107,Any service very discover instead,Melissa Smith,Children,Late play too project either vote responsibility. Early region include piece heart market.,English,19,19
9780000000108,System support reason,Bruce Simmons,Young Adult;Self-Help;Philosophy,Same finish population none direction together listen. Official actually total.,French,15,7
9780000000109,Subject international get child away,Justin Santiago,Fiction;Thriller,In sister individual sort service way. Establish very true still fly.,Hindi,15,11
9780000000110,Article list,Adam Brown,Young Adult;Self-Help;Children,Product huge claim theory.,Japanese,7,2
9780000000111,Poor,Joseph Brown,Fiction;Self-Help,Society speak pressure cause stop. Society television stock candidate study great.,French,16,11
9780000000112,Catch deal remain out writer southern,Kristen Frost,Science Fiction;Non-Fiction;Philosophy,Walk response analysis bring production set. Quite hope population different sense.,French,8,6
9780000000113,Exactly stand size,Gabriel Hill,Philosophy;Poetry;Non-Fiction,Else word against say behind religious day think.,Portuguese,17,7
9780000000114,We wait film,Corey Castro,Thriller;Horror,Make special age they reflect.,Chinese,9,5
9780000000115,Difficult once dog per,Sherry Everett,Fantasy,Alone wide recently.,French,2,2
9780000000116,Parent yeah series enter,Danny West,Young Adult;Science Fiction;Thriller,Myself best lot have official. Sometimes and society mention.,English,5,1
9780000000117,Require white you,Christopher Young,Philosophy;Romance;Poetry,Budget chance value or. Girl build from better thus.,Spanish,18,7
9780000000118,So coach opportunity building notice student,Jeremy Clark,Science Fiction;Young Adult;Historical,Bed candidate century. Lose southern attack less last visit.,Arabic,1,1
9780000000119,Worker arm,Deborah Allen,Thriller;Philosophy,Resource rest capital resource.,Arabic,15,7
9780000000120,Pressure decide,Zachary Young,Poetry;Children,Only role adult believe degree. Baby language visit me.,Portuguese,13,5
9780000000121,Describe manage,Jennifer Vang,Romance;Children;Horror,Air he grow.,French,11,7
9780000000122,Case scene say contain apply firm,Brittany Wallace,Non-Fiction,Scientist the between me near nation. Her southern chair game subject.,English,12,5
9780000000123,Where deep,Elizabeth Nguyen,Poetry,Above almost now what strong board high. Base often mind certainly treatment anyone.,Arabic,18,15
9780000000124,Like development visit far account,John Lewis,Thriller;Philosophy;Fantasy,Big nothing choose push establish before.,English,6,1
9780000000125,Everyone business set three idea,John Harrington,Children,Fight information himself.,Portuguese,14,10
9780000000126,Us five,Roger Jackson,Philosophy;Science Fiction,Agent artist write customer true.,Hindi,12,8
9780000000127,Local improve hair human,Elizabeth Munoz,Non-Fiction;Thriller;Fantasy,Cold number nice system allow stop fight human.,English,4,4
9780000000128,Because Republican,Kristen Larson,Fiction;Self-Help;Historical,Brother success sit include indeed mention middle. Animal phone research west.,Arabic,14,6
9780000000129,Member head everything,Brandon Osborne,Young Adult,Billion since should usually professor administration. Find onto avoid able road military rather.,German,6,2
9780000000130,Blue worker detail beat,Daniel Sanders,Poetry;Romance,Focus investment cultural politics dark that.,Portuguese,4,3
9780000000131,Clear,Victoria Smith,Biography;Romance,Speak bag responsibility while also. Plan factor trip develop.,French,7,4
9780000000132,Occur,Thomas Mosley,Non-Fiction;Thriller;Science Fiction,Under message question there.,German,3,0
9780000000133,Part exactly also Mr,Andrea Watts,Philosophy;Historical;Poetry,Economy trouble hold reflect attention production. Research suffer purpose you people three.,Chinese,15,1
9780000000134,Many establish administration,Robert Ramos,Non-Fiction,Address process crime bed interesting structure. Five reveal foot feeling certainly soon form.,Hindi,17,12
9780000000135,And administration rock,Alexis Neal,Thriller;Horror;Children,Improve close those. Light Republican detail reveal.,French,11,9
9780000000136,Help discussion,Matthew Cook,Fiction,Red simply month red instead heart probably. Over account home prove environment somebody ok recent.,Portuguese,13,8
9780000000137,Old strategy worry quite bring,Brian Hines,Children,Easy end skill management stay. Increase you north someone major.,German,10,5
9780000000138,Concern though teacher,Marilyn Russell,Thriller,North let bed out him environment manage happen. Seven color yeah tree change official lose.,Portuguese,12,3
9780000000139,Life tax expect leave worry,Crystal Jones PhD,Self-Help,Report growth provide character.,Portuguese,5,1
9780000000140,Follow save,Stephanie Pittman,Poetry,When feeling let evidence yourself better.,Portuguese,18,7
9780000000141,There call society,Devin Thompson,Fantasy,Impact become single owner stop factor.,Portuguese,16,10
9780000000142,Traditional me carry computer,Steven Archer,Historical;Horror;Young Adult,Together require because since. Seem around others knowledge new create.,Hindi,14,11
9780000000143,Type either one,Susan Gonzalez,Philosophy,Authority town left outside large. Wear focus every prove.,Chinese,15,3
9780000000144,Music industry let billion,Felicia White,Romance;Self-Help,Image usually door often firm.,Arabic,5,1
9780000000145,Religious born,Cathy Odonnell,Poetry,Second power impact break also compare.,Chinese,17,14
9780000000146,Game though run high,Matthew Brown,Self-Help;Fantasy,Within least eight magazine likely. Able American second necessary bring administration.,Hindi,6,4
9780000000147,Mother common dinner factor,Hannah Riley,Romance;Young Adult;Poetry,Pretty especially vote spring interest media respond.,French,19,12
9780000000148,Decide operation stuff avoid activity,Erin Lopez,Thriller,Writer actually full head near.,Portuguese,5,1
9780000000149,Detail partner edge,Kevin Marshall,Self-Help;Science Fiction;Children,Certainly society save save audience.,Hindi,14,2
9780000000150,Seem often environment,Misty Bartlett,Mystery;Self-Help,Look see visit why. Month learn will realize sell anyone many authority.,German,20,6
9780000000151,Age break sound,Vincent Harris,Self-Help,Appear provide prepare day front morning box.,English,10,3
9780000000152,Similar drive hard prove none radio media,Alan Miranda,Fiction;Science Fiction,Defense next perhaps glass number cut.,Spanish,11,9
9780000000153,Fall situation,Antonio Clark Jr.,Fiction;Non-Fiction,Assume stay seek action pressure spring move establish. Boy bit very factor.,German,2,1
9780000000154,Court recently discussion decade,Thomas Hall,Science Fiction,Listen these shake always measure watch actually.,Portuguese,14,2
9780000000155,Total morning,Michael Allen,Biography;Fiction;Self-Help,Black market officer company. Great power family front better sense.,German,4,3
9780000000156,Business whole buy,Kara Pierce,Philosophy,Everything marriage market decision today this.,Hindi,6,3
9780000000157,Know commercial,Christopher Hanson,Thriller;Poetry;Romance,Film election employee effect national project.,English,20,15
9780000000158,Language share fill team forward,Destiny Miles,Romance;Poetry,Care seat collection police. Save high make return nor simple.,Spanish,19,4
9780000000159,Already room,Michael Anderson,Mystery,Top end line those.,Portuguese,17,4
9780000000160,Yard hair pay watch,Linda Shelton,Young Adult;Fantasy;Science Fiction,Analysis account he consider. Parent learn big heavy material item.,Arabic,6,1
9780000000161,Stay into represent result people morning,Melinda Hartman,Non-Fiction;Horror;Mystery,Fish point part other conference month together.,Spanish,1,1
9780000000162,Model Mr especially,Lisa Flores,Biography,Whether little generation man. Keep beyond system just green.,German,20,13
9780000000163,Customer,Victoria Wallace,Mystery;Biography,Agent star various call should send. Hope local report imagine music pressure apply there.,Hindi,9,3
9780000000164,Draw until foreign,Dawn Mitchell,Fantasy;Horror;Fiction,Recognize senior rather. Bar find meet prevent institution discussion success.,French,14,8
9780000000165,Him test,Rachel Hudson,Non-Fiction;Science Fiction,Suggest subject detail start tough citizen. Against stay ask current agreement ever recognize.,Portuguese,11,8
9780000000166,Economic,Sean Kim,Biography;Mystery,Rock charge mind either.,French,15,0
9780000000167,Recently out,Derrick Russell,Thriller;Science Fiction,Child beautiful blue drive.,Portuguese,15,9
9780000000168,Page make,Michelle Hays,Historical;Horror;Thriller,Case eight system themselves Republican. Risk good suggest both.,Japanese,4,1
9780000000169,Sport upon,Natasha Rangel,Mystery;Horror;Self-Help,Speech group plan hold forward others including cause. Other last relate institution.,Arabic,3,0
9780000000170,Particular knowledge,Michael Lee,Poetry;Thriller;Children,Them prove three door interesting table.,Portuguese,15,12
9780000000171,His husband,Melissa Hernandez,Fantasy,Show board government she the guess.,Spanish,11,3
9780000000172,Director reason situation daughter,Ms. Kayla Garcia,Children,Positive account teacher report else. Chair administration hear best without.,Arabic,8,6
9780000000173,Difference into,Sherri Glover,Science Fiction;Mystery,Serious stand story try. Movement step staff someone billion number.,Japanese,13,8
9780000000174,Worry build audience,Nathan Simmons,Philosophy;Fiction;Poetry,Hard while yes board hour.,German,16,7
9780000000175,Continue itself loss message medical,Jesse Ward,Science Fiction,Unit moment up eye deep campaign. Cell lose discover.,Japanese,15,10
9780000000176,What effect,Stephanie Snow,Historical;Thriller;Horror,Believe visit reflect exist final sell.,English,8,0
9780000000177,Sing page,Todd Saunders,Young Adult,Fund line size front can threat bag defense.,Hindi,6,3
9780000000178,World,Laura Lee,Young Adult;Philosophy;Science Fiction,Line back somebody drop hard.,German,17,4
9780000000179,Police by red,Stacey Mcgee MD,Mystery;Young Adult;Romance,Sing yard water big final forward. Technology marriage program something whatever public long.,Arabic,16,1
9780000000180,Treatment protect standard score agree much education,Tina Brown,Romance;Mystery;Young Adult,Between high nearly strong describe.,Japanese,5,0
9780000000181,Treatment camera,Wendy Roberts,Young Adult;Historical;Philosophy,Value participant almost huge.,Hindi,3,2
9780000000182,Task rock old,Nancy Mcfarland,Mystery;Young Adult,Administration stuff experience age single raise place what. Meet international east economy spring.,Portuguese,18,15
9780000000183,Clear level opportunity however,John Williams,Fiction,Summer standard number policy try term. Responsibility could Mr age seven.,German,5,3
9780000000184,Computer through such,Lindsey Shah,Non-Fiction,Second skill mother.,Arabic,16,1
9780000000185,Establish sometimes trip star house computer,Amber Thompson,Horror;Young Adult;Thriller,Late moment interest impact.,Spanish,7,3
9780000000186,Risk factor,Kristen Smith,Non-Fiction;Horror;Biography,Forward decade learn issue. Involve class guess term.,Arabic,17,15
9780000000187,Allow media hot authority,Wayne Cole,Historical;Mystery;Philosophy,People their gun from nearly.,German,11,6
9780000000188,Court energy,Carlos Johnson,Self-Help;Fantasy;Children,Poor our computer voice most.,English,17,6
9780000000189,So summer girl,James Garcia,Children;Historical,Group seem movement what unit.,Hindi,5,4
9780000000190,Exactly heavy firm,Traci Williams,Science Fiction;Fantasy,Direction technology too like.,Spanish,3,2
9780000000191,Environmental pull education,Carrie Nixon,Non-Fiction;Self-Help,Fund main gas wide.,Portuguese,2,2
9780000000192,Among,David Koch,Self-Help;Young Adult,Operation up time probably push.,English,20,12
9780000000193,Clear home group,Tina Trujillo,Non-Fiction;Science Fiction;Philosophy,Matter blue I girl response cell.,German,10,10
9780000000194,Trade reflect quality course,Vanessa Payne,Historical,Hour while pull.,Hindi,7,5
9780000000195,Poor build hospital development cup,Renee Garcia,Self-Help;Poetry,First employee pass than make.,Hindi,16,11
9780000000196,Character around game hour,Ethan Barrett,Thriller;Science Fiction;Historical,Get TV chair red public since. Fall end third door including analysis growth.,Portuguese,17,2
9780000000197,East,Shane Hanson,Philosophy,Somebody choose blue three. Nice top attorney experience.,Chinese,2,2
9780000000198,Democratic direction buy everyone,Sheryl Porter,Philosophy;Historical,Example skin voice eat.,German,7,5
9780000000199,Set word,Austin Holland,Philosophy,Service executive least onto certain. Fish range push media different southern.,German,6,6
9780000000200,Leg cell whom four,Nicole Burton,Mystery,Economic continue at great decision same.,German,14,2
9780000000201,Plan can head yard choice fight,Lorraine Avila,Romance;Horror;Poetry,Share smile picture road hair. Century kid hotel color all.,German,1,0
9780000000202,To ever standard own still,Lorraine Fernandez,Self-Help;Fantasy;Philosophy,Describe there line. Single subject project trade.,Spanish,8,0
9780000000203,Brother hot could behind author,Brittany Galvan,Thriller;Fantasy,Might whole short degree. Eye food send religious learn her.,Chinese,13,8
9780000000204,Level,Mary Hall,Mystery;Philosophy;Young Adult,Brother strategy brother and today husband ground sister. Life personal talk man above.,Chinese,6,6
9780000000205,Cut good role college lawyer education role lay,Jeremy Dickerson,Science Fiction;Thriller,Economy dinner when man third.,German,12,8
9780000000206,Center owner official front,Meghan Sanchez,Philosophy;Fiction;Science Fiction,Pull student miss player long western worry.,Chinese,11,7
9780000000207,About fill,Michelle Norris,Historical,Mother also range also.,English,20,1
9780000000208,Process positive compare,Jamie Hughes,Science Fiction,Way Mr specific item. Understand short lawyer so.,French,5,2
9780000000209,Write million have,Dennis Norris,Fantasy;Horror,Police among nature couple all manager.,German,15,0
9780000000210,Artist,Karl Williams,Biography,Thousand environment still.,German,16,10
9780000000211,Strong usually police city,Ronald Parker,Poetry,Partner lead shake choose him happen his.,Spanish,16,15
9780000000212,Stuff check break cut put economy relationship,Joseph Howard,Self-Help;Fantasy;Non-Fiction,Million police step middle east.,Chinese,4,3
9780000000213,Main,Matthew Clark,Poetry;Thriller;Philosophy,Read eye middle defense by voice seat.,French,5,3
9780000000214,Go our test cup pass situation read guy,Kimberly Hardin MD,Fantasy;Children;Biography,Walk mention administration also. Newspaper trade let.,Spanish,8,3
9780000000215,Water on own,Michael Calderon,Non-Fiction,Plant where news not notice. Right language total wear place.,Hindi,20,9
9780000000216,Much,Michael Kirk,Fantasy,Various level save knowledge song college.,English,9,5
9780000000217,Believe head religious far,William Wilson,Fantasy,Still image professor. Nation level forward region share sport safe.,Arabic,10,0
9780000000218,Few so,Michael Carter,Poetry;Horror;Mystery,Close if prove interesting.,French,17,16
9780000000219,Tonight PM arm describe story tough,Thomas Jones,Thriller,Star speak sure couple. Point executive open start stay cell.,Japanese,15,6
9780000000220,Who two vote candidate,Lee Johnson,Historical;Fiction,Model blue author audience.,French,2,0
9780000000221,Within eight,Evan Gregory,Romance;Fantasy,Remain action senior test. Community crime want like.,Arabic,17,0
9780000000222,Social them sit western really space certain seem,Ralph Osborne,Philosophy;Fantasy;Thriller,Million child evidence lose.,Spanish,5,5
9780000000223,Over adult rather others edge fear him,Hunter Mendoza,Self-Help,Senior instead test part sign.,Hindi,9,1
9780000000224,Major by air event,Melissa Cobb,Children,Long force series purpose claim. Organization say rate western other water leader figure.,French,9,8
9780000000225,So,Crystal Allen,Romance;Philosophy,Pay talk long despite.,Portuguese,11,1
9780000000226,Win property,Jordan Martinez,Philosophy;Science Fiction,Deep share hot ball thousand. Church relate organization option glass Congress someone occur.,Arabic,20,19
9780000000227,Leader clearly sell note,Mark Jones,Poetry;Biography;Thriller,Another weight home them win own consumer. Record green such west director.,Portuguese,19,9
9780000000228,Over analysis meet,Charles Jones,Young Adult,Night federal learn gun hot.,German,15,10
9780000000229,Speak reach,Christopher Graham,Historical,Message question sea wind lawyer.,German,15,12
9780000000230,Majority material peace,Melissa Henderson,Romance;Mystery;Thriller,Everybody where quite hair suggest candidate issue hospital. Push debate worker lawyer spend save audience star.,Arabic,18,8
9780000000231,Son agent find city operation,Linda Fleming,Biography;Poetry;Fiction,Candidate war audience sing.,Arabic,4,3
9780000000232,Prevent late,Mr. Brian Perez Jr.,Historical,Body over artist range move must forward year. List have region.,Chinese,5,5
9780000000233,Long job big choose establish account,Sarah Maynard,Non-Fiction;Children;Mystery,Medical store however major address enter song.,Spanish,8,1
9780000000234,Floor,Eric Rodriguez,Children;Self-Help;Mystery,Meeting fast worker push growth per recognize itself. Skin write economy two bit medical majority.,Japanese,5,2
9780000000235,Without design team,Zachary Landry,Non-Fiction;Fantasy,Teacher she surface hard laugh right yeah exactly.,English,17,12
9780000000236,Piece tell few low picture,Jose Williams,Young Adult;Children,Soon rest modern method practice again. Teacher family world appear sense provide person building.,English,9,3
9780000000237,Play piece ask,Andrew Ward,Philosophy;Biography,Charge worry source week.,German,15,2
9780000000238,Today,Samantha Byrd,Children,Image surface generation make. Series expect rich.,Spanish,17,9
9780000000239,Increase loss deal,Michael Salas DDS,Science Fiction;Mystery,Above section present speech PM behavior son campaign. Develop senior citizen.,French,13,5
9780000000240,Election appear,Derrick Hansen,Poetry;Children,Easy ago probably some.,Portuguese,6,0
9780000000241,What way quality man would,Elizabeth Moyer MD,Self-Help;Fiction;Poetry,Remain nothing over education.,German,15,13
9780000000242,Leg member so,Joseph Haynes,Mystery;Horror,Why position TV soldier on capital evening.,English,8,7
9780000000243,Father know product,Tina York,Children,Media military notice until low plant only. Partner perform again place.,English,12,4
9780000000244,Whole pull exactly,Edward Stewart,Horror;Children,Across boy nor outside reason carry experience.,French,7,7
9780000000245,They,Brian Daugherty,Children,Season either yard upon. Buy son he politics.,Arabic,5,0
9780000000246,Teach right,Savannah Jimenez,Young Adult,Church research save street list.,Arabic,18,17
9780000000247,Recently able guess skill some name,Paige Henson,Fiction,Computer Republican place day down board method teach. Benefit under avoid spring bank majority effort.,French,8,7
9780000000248,Step board should,Jessica Pierce,Children;Young Adult;Biography,Less force travel which. Why relate born economic.,Arabic,12,2
9780000000249,Unit why pull person address age,Susan Olson,Non-Fiction;Fiction,Space the employee stay even interesting.,Hindi,7,6
9780000000250,Friend bar keep computer,Breanna Ramirez,Thriller;Poetry;Biography,Before happy skin cold chair scene hair. Power skin pressure heavy toward other performance could.,English,18,5
9780000000251,Pass,Stephanie Durham,Horror,Hospital walk hand. Raise get example continue set.,Hindi,6,3
9780000000252,Game,Stephen Petersen,Children;Science Fiction,Clearly people where degree.,Japanese,20,15
9780000000253,Significant particular bar,Victoria Frye,Poetry;Mystery,Smile avoid sense development street degree Mr. Tough clear industry.,Spanish,4,1
9780000000254,Them visit teacher lay book,Chelsea Blake,Poetry;Thriller,Task other model trouble simple responsibility.,French,7,5
9780000000255,Visit,Krystal Rivera,Mystery,Game upon job apply significant notice. Major two after thank.,Portuguese,14,0
9780000000256,Senior major buy sport,Manuel Stewart,Historical;Fantasy,Want right thing hot security.,German,13,1
9780000000257,Reduce safe best entire,Alan Bishop,Self-Help;Romance;Thriller,Guy hot civil rock. Suggest nothing matter.,French,7,3
9780000000258,Attorney,Karen Peterson,Biography,Other on day bring daughter.,Arabic,7,2
9780000000259,Popular full international send past,Mr. Jon Freeman,Mystery;Young Adult,Grow popular door to billion hair worker fund.,Spanish,19,3
9780000000260,See young,Aaron Houston,Biography;Mystery,Admit under actually dream dog million PM. Instead most budget tax.,Chinese,3,0
9780000000261,Daughter entire student,Taylor Perry,Romance;Horror;Philosophy,Vote throughout himself. Deal art black recognize loss drive.,Japanese,19,9
9780000000262,Even early above where,Isaiah Pearson,Romance;Science Fiction,Maybe every woman couple expert moment notice.,Spanish,3,3
9780000000263,Election,David Austin,Fantasy;Poetry,Beautiful support interview trouble.,English,1,1
9780000000264,According,George Allison,Philosophy;Non-Fiction;Fantasy,Whether chair town second senior somebody recognize physical. Then the PM practice author off thousand.,Hindi,12,9
9780000000265,Garden computer available keep,Toni Porter,Science Fiction;Mystery;Biography,Around young group fund agreement total meeting. Bad boy same debate practice what.,Spanish,17,15
9780000000266,Seek allow check front analysis customer,Richard Leon,Mystery,Maintain stop magazine likely.,Hindi,10,6
9780000000267,Light parent,Sherri Holt,Non-Fiction;Biography;Fiction,Check build no early individual.,Japanese,3,2
9780000000268,Budget,Katelyn Graham,Fantasy;Fiction;Biography,Enjoy daughter prepare authority word really. Help education middle radio seat camera.,Arabic,20,14
9780000000269,Various generation yourself watch,Melissa Mcintyre,Science Fiction,Phone population everyone their win time.,Hindi,9,5
9780000000270,Unit make reveal opportunity,Christopher Navarro,Mystery;Self-Help,Experience answer decision.,Spanish,18,6
9780000000271,Deal,Mary Jones,Historical;Romance;Fantasy,Show someone bit black like. Professional politics that pull chair.,English,6,2
9780000000272,Seek should teach morning remain,David Washington,Historical;Fiction;Thriller,Area determine student set. Buy and direction choice food.,Hindi,17,1
9780000000273,Prevent open,Elizabeth Lamb,Science Fiction;Philosophy,Case purpose common vote research hotel shoulder.,Japanese,12,5
9780000000274,View home,Shari Hickman,Thriller;Children;Self-Help,System ask many career degree.,English,4,4
9780000000275,Answer like science,Austin Shepherd,Mystery;Fantasy,Eat election mother then great a six.,Arabic,11,10
9780000000276,Yeah knowledge,Susan Schneider,Mystery;Poetry,Popular pattern price either power.,Arabic,18,18
9780000000277,Hit,Daniel Bowman,Philosophy;Historical,Method town deal else century everybody. Later standard debate sound.,Japanese,14,11
9780000000278,Send place somebody through,Leslie Mack,Historical;Children,Easy themselves run reflect.,English,19,19
9780000000279,Rate several,Danny Mason,Biography;Science Fiction,Seven fact move job.,Arabic,10,7
9780000000280,Ready,Alicia Gray,Mystery;Non-Fiction,Situation father gun ever continue. State able speak key buy.,French,6,3
9780000000281,Between system together chance college,Benjamin Hall,Philosophy,Defense ten understand rest next computer that.,Japanese,3,1
9780000000282,Mother significant far movement,Larry Dixon,Romance,Story charge decision spend. Letter mother reason result lay only.,French,14,0
9780000000283,Couple old mother,Meredith Torres,Science Fiction;Biography;Fantasy,Care behind red technology team entire special. Be north able during consider sit scene.,English,7,2
9780000000284,Feeling push beat,Kelly Berry,Philosophy,Little former no baby end. Indicate simply all of degree.,English,18,5
9780000000285,Although gun,Tina Barber,Thriller,Figure choice about ability everything anything raise. Least science foreign machine public theory small.,English,18,7
9780000000286,Sometimes own during strong,Edwin Holland,Thriller;Science Fiction,Continue would save number be animal soldier. Show exist firm tree medical.,Japanese,2,0
9780000000287,Make way deep,Lisa Martin,Children,Yet year role rise indeed number particular debate.,Arabic,4,2
9780000000288,Force space throw southern side idea,Darrell Beard,Young Adult,Smile war economy adult memory. Training then activity market.,Arabic,3,0
9780000000289,High paper within product discover population dark day,Felicia Villa,Self-Help;Non-Fiction;Thriller,Left let town environmental whose dinner. Or necessary majority indicate.,Spanish,15,13
9780000000290,Amount expect beautiful risk spend,Timothy Patton,Fiction,Government indicate attention time firm point rest.,German,3,1
9780000000291,Tax carry,William Shaw,Young Adult;Children,Risk our big pattern forward effort read why. Research customer him walk sing.,German,7,1
9780000000292,Small what future would check,Stephen Burgess,Fiction;Romance;Historical,Significant society likely agree magazine science. Family yeah cold future first.,Arabic,15,15
9780000000293,Make pass look amount,Stephen Watts,Science Fiction,At half important remember. Population consider nature receive much beat.,Chinese,16,7
9780000000294,Care,George Pierce,Horror;Romance;Thriller,Realize or degree stop sister.,Arabic,7,6
9780000000295,Officer window,Mark Lopez,Science Fiction;Thriller,Result support yourself could figure option. Of their lot.,French,2,1
9780000000296,Base,Gabriel Harris,Biography;Mystery,Tree like phone quality head.,Arabic,12,5
9780000000297,Young policy expect finish,Vincent Griffin,Horror;Non-Fiction;Biography,Edge population around crime behavior black table.,Japanese,1,0
9780000000298,Improve may TV marriage body responsibility,Kendra James,Poetry;Horror,Join gun do source particularly his.,Chinese,15,9
9780000000299,Respond listen subject drive,Stacy Brown,Horror;Children,Yourself born among full occur quickly skin.,Arabic,16,7
9780000000300,Outside if sense consumer past hospital exist,Kristine Jones,Thriller;Philosophy,Show south require piece great music.,Chinese,3,2
9780000000301,Impact wide on much,Tracy Miller,Fantasy,Product against race section popular.,French,7,5
9780000000302,These reality beat I not stay win soon,David Thornton,Horror;Children;Romance,Election everything kid. About wide beat mouth film up spring see.,English,16,5
9780000000303,Heavy lot level hour matter,Amy Thomas,Fiction;Horror,Popular open certain second.,Portuguese,2,1
9780000000304,Table scientist,Elizabeth Mendez,Biography;Science Fiction,Tell father treatment.,Japanese,6,2
9780000000305,There effort,Carrie Arellano,Children;Non-Fiction;Poetry,Per green enter maintain run appear. Identify personal along real claim start.,Spanish,19,2
9780000000306,Issue star authority,Mary Evans,Biography;Fantasy,Partner life partner strong world former word leave. Accept during American newspaper.,Chinese,16,9
9780000000307,Support be,Lauren Green,Non-Fiction;Mystery;Children,Policy simply crime way affect responsibility.,Spanish,13,4
9780000000308,Them large significant government though return care modern,James Zhang,Fiction;Non-Fiction;Children,Those response full until TV first. Rule sit experience the chair if.,German,20,14
9780000000309,Save owner,Mary Cochran,Science Fiction,Star research into husband challenge oil himself.,Chinese,20,2
9780000000310,Air design modern artist behavior,Lori Meyer,Non-Fiction;Mystery,Sit mention visit approach others audience quite. Practice friend boy beyond energy air.,English,1,0
9780000000311,Network data,Pamela Turner,Philosophy;Biography,Significant strong even win worry last. Add view fly their air bank.,Hindi,12,5
9780000000312,Goal learn name receive spring bad,Michelle Cohen,Romance;Self-Help,Score onto series. Choose them decade special girl article pattern.,Portuguese,9,8
9780000000313,At federal,Katrina Cortez,Young Adult,Night leave authority window experience.,Chinese,10,0
9780000000314,Behind approach read,Paul Jones MD,Young Adult;Mystery;Romance,Young time customer shoulder someone. Employee feeling federal player.,Spanish,11,5
9780000000315,Beyond practice between trial word by,Jeffrey Lee,Young Adult,Same most air campaign.,Spanish,6,4
9780000000316,Choose field,Peter Mcpherson,Fantasy;Children,Many break quality various television. Office beat because guess low.,Chinese,15,8
9780000000317,However share price pressure economy five identify,Aaron Young,Children;Philosophy;Biography,President politics follow safe month system personal. Production fill carry thus.,Japanese,9,5
9780000000318,Past in use lot identify,Dr. Jeffrey Fleming,Fiction,Read fear occur represent information. Should accept little real only speech nor.,Japanese,1,0
9780000000319,Project than the him player after,Melinda Smith,Science Fiction,Usually class lawyer plant care.,English,3,1
9780000000320,Election,Christine Robbins,Poetry,Entire able hand local general whom recently.,Portuguese,6,0
9780000000321,Piece Republican medical,Michael Montoya,Horror;Biography;Fiction,Serve first seek officer military pick art. Team seek fill carry down task local know.,English,20,16
9780000000322,Worry threat establish,Amy Marshall,Philosophy,Know apply son quickly thank. Focus use never really why.,French,13,10
9780000000323,Expert can these similar now become,Christopher Howell,Self-Help,None behind show food entire maintain often. Account nor nation to catch.,German,16,5
9780000000324,Suddenly own,Darrell Shepherd,Historical,Return take form walk over push general. System food present law feeling.,Japanese,8,1
9780000000325,Event fast usually,Adam Schroeder,Children;Romance,Artist blue indeed record door east sign blood. Participant address rest under bill now.,Japanese,11,9
9780000000326,Interest case,Stephen Holder,Poetry,Image particular market police.,English,17,8
9780000000327,Condition art explain whole wear poor yeah,Ryan Duarte,Horror;Philosophy;Historical,General big during tonight. Where of close end way.,Hindi,2,1
9780000000328,Always space pattern expert television movement young,Amanda Davis,Thriller;Philosophy;Romance,More hit stage this woman. Baby tough assume present morning situation.,English,11,5
9780000000329,Social put manage,Monique Bridges,Mystery;Biography,Tax require I tough. Collection face particular method.,Japanese,5,0
9780000000330,Quickly establish artist,Preston Davis,Fiction;Science Fiction;Historical,Then more third star. Recognize approach hotel film address discover course.,English,16,14
9780000000331,Able science alone down development mouth,David Poole,Romance,Say western once new game bag goal. Stop he organization.,Chinese,19,11
9780000000332,North entire process peace voice clearly ever appear,Margaret Becker,Biography;Thriller,Change close consider.,Japanese,12,11
9780000000333,Ever them change special because,Erin Butler,Horror;Biography,Draw piece east carry six try interest. Produce for yeah relationship writer set have.,Japanese,18,10
9780000000334,Always occur son or medical,Justin Schneider,Children;Young Adult,Smile require watch you.,Chinese,7,2
9780000000335,Available their structure if finally,Cameron Lee,Fiction;Poetry;Science Fiction,Treat later send sometimes economic mother student. Go back option attorney official.,Japanese,4,4
9780000000336,Night determine clear idea,Heather Owens,Mystery;Children;Non-Fiction,Raise rise where course myself. Himself her out thank loss.,Hindi,11,9
9780000000337,World staff,Nicole Mayer,Self-Help;Children,Drive statement possible son author north make. Project institution how.,Spanish,18,8
9780000000338,Six voice machine though among,Jamie Bowen,Historical,Drop beyond indeed have industry improve.,Hindi,3,2
9780000000339,Miss wife them real,Karen Little,Poetry;Fiction,Change she talk require strong somebody management stuff.,English,20,13
9780000000340,Number,Juan Roberts,Self-Help;Mystery;Science Fiction,Local drug federal price owner cup surface.,Spanish,19,6
9780000000341,Health test month,Curtis Jenkins,Non-Fiction;Poetry,Leader enter industry argue. Know wind front store peace degree.,Japanese,1,0
9780000000342,Body kid book,Devin Peterson,Thriller;Historical;Philosophy,Film lot popular fact industry admit recently. Similar stand citizen power cover nice according.,French,19,14
9780000000343,Admit music draw attention church finish,Christine Fox,Philosophy,Your up way wrong create argue find.,Japanese,8,5
9780000000344,Activity,Andrew Mcclain,Horror;Mystery;Self-Help,Sit success nothing create employee nice but.,Chinese,14,11
9780000000345,Kind as,Timothy Jordan,Philosophy;Science Fiction,Voice movement use someone set ball. Speak fly field put stage.,French,12,8
9780000000346,Population suddenly action,Nicolas Poole,Self-Help;Poetry,May protect player actually approach realize. Others trip technology break.,Hindi,8,5
9780000000347,Sea nothing,Danielle Wells,Historical,Daughter reflect owner according fund think participant majority.,French,10,2
9780000000348,Game,Kimberly Duncan,Romance;Non-Fiction;Historical,Ground entire race yourself.,French,8,7
9780000000349,Turn will blood what,Melinda Harvey,Non-Fiction,Report detail resource.,German,19,9
9780000000350,Wife personal per when,Mrs. Lori Valdez,Non-Fiction;Biography,Enjoy simply way within full artist.,German,13,12
9780000000351,Wonder serious process body threat,Heather Dennis,Horror;Self-Help,Long paper foot because baby. My religious town like partner.,Portuguese,8,6
9780000000352,Garden cell develop hear store,Steve Vasquez,Historical;Non-Fiction,According treatment southern party. Discover so sing suggest base close history.,Chinese,16,9
9780000000353,Capital work with,James Thompson,Poetry,Music common wonder national food create. Project general seven phone despite practice pick.,Portuguese,17,14
9780000000354,Against over necessary year also audience give life,Rodney Garza,Mystery;Fiction,Themselves officer lot pretty.,Portuguese,17,16
9780000000355,Product threat leader sign determine,John Lewis,Young Adult;Self-Help,To buy laugh perform easy. Series discover two.,French,11,6
9780000000356,Stuff than,Ricky Fleming,Mystery;Fiction;Children,Phone interview discover join more however. Floor able add.,English,4,2
9780000000357,Lot physical food,Richard Williams,Biography,Character yeah beautiful shake fly.,French,5,4
9780000000358,Form through treat staff kind theory offer,Ashley Turner,Poetry,Enjoy image serve prepare. Section responsibility within away.,German,15,2
9780000000359,Animal main item,Amy Cobb,Children;Non-Fiction,Find cup time find despite.,French,12,7
9780000000360,Sure long,Tiffany Alexander,Non-Fiction,Fill sense fly major than generation teacher.,German,2,2
9780000000361,Stuff red should,Lauren Young,Science Fiction;Poetry;Fiction,Read whom power allow face material. Three heart speak left employee pressure enough.,Hindi,4,1
9780000000362,Sister according whole,Donna Jackson,Mystery,Determine person place lot goal resource look daughter. Last follow interview class both.,Portuguese,3,0
9780000000363,Nor month,Ashley Acosta,Self-Help;Thriller;Young Adult,Safe movie term.,Chinese,15,13
9780000000364,Drug forget,Jenna Ward,Mystery,Someone participant mouth report month occur unit. Tough individual always.,French,8,3
9780000000365,Growth ground couple note responsibility,Daniel Mendez,Science Fiction,Successful radio trial while company level.,English,14,6
9780000000366,Thank be boy,Madison Williams,Romance,Start example theory stand on. Role which size college amount.,Hindi,12,6
9780000000367,With player network analysis law moment,Daniel Harris,Self-Help;Fantasy,Reason option theory available enter.,Portuguese,6,3
9780000000368,Actually land sort,Mitchell Day,Young Adult;Thriller,Performance citizen none simply on.,Japanese,2,1
9780000000369,More decision clear certainly similar,Brendan Graham,Horror;Self-Help;Mystery,Stage point explain walk.,Hindi,13,12
9780000000370,Participant positive spend,Tara Price,Fantasy,Dog address smile success ten fast. Safe entire require become.,French,13,13
9780000000371,House,Cody Kelly III,Biography,Food military develop throughout.,German,6,3
9780000000372,Miss true foreign front future,Sheryl Garcia,Fantasy;Historical;Thriller,According past lead operation place meet mission. If citizen baby possible whole successful degree fear.,Hindi,16,8
9780000000373,Point about,Dustin Barnett,Children;Horror,Present wear scientist standard finally language. Family design fine argue.,Japanese,16,3
9780000000374,Do war ball,Shawn Hobbs,Children;Horror;Non-Fiction,Specific strong cut also why. State hundred stage environmental blue draw fine consider.,German,17,7
9780000000375,Building heavy,Ryan Riddle,Young Adult;Science Fiction;Fantasy,Agency trouble field general recently eye onto. Party above him something hope.,German,14,1
9780000000376,Seek father remain mean,Jennifer Jones,Self-Help,Trial realize nature check long local. High explain recent economy rock crime color.,Arabic,18,14
9780000000377,Behavior listen guy hit everybody,John Hill,Philosophy,Least every present less second occur professor. Memory debate kind society world than work lay.,Hindi,18,1
9780000000378,Argue through,Alex Whitaker,Fantasy;Thriller,Month huge investment each once similar. Ten style deal magazine.,English,14,4
9780000000379,Suddenly big dinner,Suzanne West,Fantasy;Historical,Station property art air that worker lead who. Sort politics future middle shake paper.,English,19,8
9780000000380,Born right both age investment perform form threat,Maria Wilson,Science Fiction;Horror;Mystery,Learn over today it responsibility young.,French,4,3
9780000000381,Politics then conference south,Christine Hoffman,Children;Biography;Horror,Society clearly will science move process size.,Japanese,6,5
9780000000382,This either language,Brett Chaney,Children;Fantasy;Philosophy,Because idea war agency true.,Portuguese,20,0
9780000000383,Minute at make decision owner,Michelle Obrien,Fiction;Children;Philosophy,Say themselves quickly national kitchen speech artist probably.,German,19,13
9780000000384,Its side later born fact,Thomas Arroyo,Fiction;Science Fiction,Culture lose beat inside his. Level leave ten town.,Portuguese,3,2
9780000000385,Black line executive building,Jasmine Reese,Poetry;Philosophy;Biography,Something some paper law knowledge keep.,Japanese,14,11
9780000000386,Radio piece,Michelle Burch,Young Adult;Philosophy,Success those thing project. Career although subject.,Spanish,8,4
9780000000387,Design reason,Dylan Mendez,Thriller,Peace but security west authority policy figure. Sometimes Mr key.,Arabic,3,0
9780000000388,More able include little result rich,Ann Johnson,Self-Help;Fiction,Still side card. Model majority garden tell.,French,20,2
9780000000389,White wait protect,Hannah Turner,Philosophy;Romance;Poetry,Type phone to.,Spanish,13,4
9780000000390,Stage present age general free pressure most,Carolyn Cooley,Horror,Movement film area local get.,Arabic,12,0
9780000000391,Suddenly stop begin want,Lindsey Baird,Biography;Mystery;Young Adult,Program how game born knowledge recently.,English,5,2
9780000000392,Wife,Michelle Brown,Young Adult;Fantasy,Sport that pattern force. Enter two hot shoulder list.,Hindi,5,0
9780000000393,Benefit decide Mr,John Jones,Fantasy;Self-Help,Best do feeling sit bit difference speech identify. Clearly speech challenge sell.,Spanish,7,6
9780000000394,National song three couple gun pull society anyone,Michelle Stone,Poetry,Administration business them people down clearly remember. Large face my get spend move poor.,Japanese,2,1
9780000000395,Physical,Mrs. Vicki Mcdonald,Historical;Young Adult;Fiction,Ask consumer team notice.,German,13,11
9780000000396,Ball treatment right affect require,Patrick Hudson,Non-Fiction,Consumer professional song director age. Perhaps action eye somebody television financial.,Hindi,15,8
9780000000397,Though include,Hannah Perez,Mystery;Young Adult;Thriller,Growth vote sort ever stay. Indeed sound officer cell.,Hindi,6,6
9780000000398,Purpose well understand,Catherine Randall,Fantasy;Young Adult,At rich drug remember take relate.,English,15,3
9780000000399,Accept say,Maria Sweeney,Horror;Non-Fiction,Marriage doctor hit administration natural article sure. Large style analysis.,English,10,8
9780000000400,Remain before each center,Todd Clay,Fantasy;Science Fiction,Daughter kind feel worry. Wide feel beat plan discover raise little size.,Arabic,2,2
9780000000401,Consider first her,Andrew Fowler,Historical,Data early not quite.,Spanish,1,0
9780000000402,Scientist claim region,Casey Williams,Science Fiction,Detail foot indeed hour worker she religious suggest. Goal even significant yes meeting recent.,Japanese,8,3
9780000000403,Range power law wife,Jennifer Banks,Horror,Own big close here purpose structure floor. Room become stock theory read term.,Arabic,10,0
9780000000404,Quite,Brandon Pierce,Historical,Congress raise past. Nature feeling significant lot move whether.,French,20,9
9780000000405,Safe us,Donna Duarte,Mystery,Much face admit add positive. Again space point idea across important.,Spanish,8,7
9780000000406,Say put perform any spend,Sonia Wagner,Fantasy;Biography,Would special laugh mean stage federal American. Mention future animal writer wait.,French,1,1
9780000000407,Level cup not edge husband,Robert Hudson,Romance;Non-Fiction;Young Adult,Food threat white mother.,English,9,8
9780000000408,Nearly beyond shoulder,Tammy Wood,Children;Fiction;Romance,Thousand indeed rise use near idea trade. Southern but scientist open staff effect.,Spanish,8,3
9780000000409,Seem feeling campaign enter fly,Veronica Beck,Non-Fiction,Mean nearly light to perform religious.,Arabic,5,3
9780000000410,Direction become discuss its treatment,Annette Mcintyre,Mystery;Thriller;Non-Fiction,Head paper matter majority.,French,19,10
9780000000411,Rate along here without still bit,Levi Smith,Fantasy,If baby book choose five.,Hindi,11,2
9780000000412,Company look machine,Justin Hayes,Non-Fiction;Young Adult;Self-Help,Onto win bag. Third out truth process radio letter military.,Hindi,15,6
9780000000413,Contain mention this long,Shelia Walters,Fiction;Non-Fiction;Historical,Service how church. Ok affect pick forward produce window trouble moment.,Spanish,5,4
9780000000414,Same worry after,Vanessa Barry,Young Adult;Children,Entire Republican wide protect.,French,15,0
9780000000415,Every I yourself yourself southern,Jennifer Miller MD,Fantasy,Present financial shoulder. Reality join relate national pass particularly.,French,13,0
9780000000416,Movement give human space age,Jill Snyder,Mystery;Non-Fiction;Fantasy,Benefit heavy institution small quality security not. Wrong grow interview home boy coach indicate crime.,Arabic,6,1
9780000000417,Again provide get cell,Robert Espinoza,Historical;Science Fiction;Self-Help,Sure mention especially onto. Simple world reveal art.,Arabic,20,20
9780000000418,Piece lay drug likely,Nicholas Reyes,Science Fiction,Fine protect game past. Green employee fact certain toward rest mention major.,German,11,10
9780000000419,Magazine ball west,Jay Martinez,Biography;Young Adult,Race production improve wall.,Hindi,19,18
9780000000420,All work especially,Erica Church,Science Fiction,Official citizen among finish book likely. Pattern understand may themselves perform military anything word.,French,7,3
9780000000421,Myself student,Ricky Gonzalez,Non-Fiction,Degree fine month discussion organization modern.,English,15,5
9780000000422,Leave attack hit answer where,Casey Martin,Romance,Maybe hit nice scientist picture. Sell public institution lay purpose party.,German,20,15
9780000000423,Choice money,Jeffery Lopez,Romance;Poetry;Children,Computer discuss speak community although. Walk benefit no hour wife the.,English,2,0
9780000000424,Call,Nicole Cunningham,Thriller;Children,Check late vote trouble rise arm or. Stuff industry once.,Portuguese,5,1
9780000000425,Lot thing,Adrienne Krueger,Fiction;Biography,By few avoid. Use simply upon.,Japanese,7,2
9780000000426,Office anything appear,Alicia Rodriguez,Horror;Thriller,Clearly smile tough today owner range. Better rock see for also water ok.,Japanese,20,0
9780000000427,Suddenly,Daniel Jarvis,Biography;Horror;Children,Protect billion single radio. People ground fund economic drop focus.,Arabic,8,6
9780000000428,Add chance develop,Sharon Gonzales,Science Fiction;Romance,Near group boy generation scientist organization.,Japanese,2,2
9780000000429,Rich middle,Robert Hill,Children;Philosophy,Visit heart source each language expert back. Beautiful face live deal.,Hindi,10,5
9780000000430,Expect view television baby thing her,Bruce Villegas,Fiction;Philosophy,Responsibility answer few especially fact return lose body. Decade discover administration son add happy.,English,2,2
9780000000431,Event skill,Carrie Harvey,Non-Fiction;Poetry;Romance,Benefit national or man quickly development.,Arabic,12,1
9780000000432,Player and lawyer blue,Brian Smith,Biography,Although walk participant type be part development. Onto material place ok energy change generation.,French,5,2
9780000000433,Arm woman,Jennifer Neal,Mystery,Base along quality message avoid us.,German,16,7
9780000000434,Wonder writer hard vote suffer,Jacob Cooper,Historical;Fiction,Available statement happy sure two. Pass agent thing.,Portuguese,16,15
9780000000435,Budget major human,Scott Anderson,Science Fiction,Stay choice candidate firm wait likely language.,Chinese,4,4
9780000000436,Deal magazine two cost wife country,April Smith,Young Adult,Light free cultural him his realize between.,Hindi,12,1
9780000000437,Book assume sense all million,Tonya Anderson,Horror;Romance;Mystery,Research general method evidence. Heavy war treatment under admit.,Chinese,4,4
9780000000438,Administration their as explain born,Jessica Gonzalez,Romance;Science Fiction;Children,Fly serve change car such run. Order summer reason every can score.,Portuguese,14,12
9780000000439,Month must Mr up,Matthew Ford,Non-Fiction;Fiction;Mystery,Least several need unit evidence. Guy occur win onto.,Chinese,13,7
9780000000440,Base throughout ready plant each,Victoria Pittman,Thriller;Young Adult;Historical,Decide institution third author benefit put him.,Japanese,13,2
9780000000441,Level though character according can,Leah Price,Children,Seem American admit treat. Design help remain hotel friend.,German,1,0
9780000000442,Truth thought,Gina Phelps,Fantasy;Fiction,Yeah push reality pay opportunity.,Chinese,16,11
9780000000443,Worry these agent,Sherry Mcclure,Mystery;Romance,Career people about both public debate.,Arabic,18,9
9780000000444,Audience staff,Sherry Taylor,Fantasy;Science Fiction;Young Adult,To live also try company person close really.,Spanish,5,4
9780000000445,Avoid candidate send smile little,Ariel Rivers,Young Adult;Children;Fiction,Market free six cut.,English,5,2
9780000000446,Fall take keep pressure,John Chen,Philosophy;Mystery,Act can risk happen. Various factor yourself pick poor event.,French,1,0
9780000000447,Compare town author option,Richard Marshall,Self-Help;Poetry;Thriller,Able letter seek rate.,Portuguese,4,4
9780000000448,We act movement find,Kristina Cooper,Horror;Romance,Force campaign ok drug down difficult. Himself ok sometimes central break almost.,Hindi,17,16
9780000000449,Mean,Katherine Dillon,Philosophy,Church expert training memory agency social. Show raise draw when represent amount.,Japanese,7,7
9780000000450,Single,Scott Wright,Philosophy;Thriller;Fiction,Under voice though measure natural suggest research fine. National future leg hair bar matter investment.,Hindi,3,3
9780000000451,Across modern fight,Regina Wilson,Horror,Two pull task opportunity. Box through seem give politics very phone Mr.,Chinese,11,1
9780000000452,Determine example,Erin Maynard,Young Adult;Mystery,She little through over.,Portuguese,1,1
9780000000453,Together trade space loss always,Matthew Greene,Historical;Self-Help,News hotel fire very long child during.,French,1,0
9780000000454,For region,Sarah Lopez,Fantasy,Why relationship lead million leave.,Japanese,3,2
9780000000455,Get fall window give as newspaper,Daniel Neal,Fantasy,Their mention accept. Quickly article expert.,Chinese,4,0
9780000000456,Kid local early item four discuss,Margaret Miles,Non-Fiction;Romance,Nation yourself control including.,German,15,6
9780000000457,Task behavior same,Brandon Ramos,Science Fiction;Horror;Self-Help,Lay early fall American visit suddenly thus. Interest stay develop age.,French,13,0
9780000000458,Media myself mention office reflect box spend,Brandon Benson,Young Adult;Fantasy;Horror,Spend federal right really card animal.,French,9,0
9780000000459,National provide,Melanie Sanchez PhD,Philosophy,Protect ok word cause other positive argue.,Hindi,7,3
9780000000460,Goal budget your foot imagine,Kyle Henry,Mystery;Biography;Horror,Thousand accept economic still very wife these. Exactly compare since recognize whether generation rate.,English,6,4
9780000000461,Former face window garden other benefit short,Gregory Ortiz,Thriller;Children;Fantasy,Attention enter build push. Control help fund level join specific.,German,9,6
9780000000462,Agent run,Chase Bell,Biography;Mystery,Staff on small military item suffer get send. Shake sport one clearly ground field beyond.,Arabic,3,0
9780000000463,Everything its their thought event,Adam Johnson,Mystery;Children,Late remember maintain.,Chinese,1,0
9780000000464,Catch party,Melissa Villegas,Mystery;Romance;Poetry,Environment character store however sort best. Bit learn pass light particular purpose.,French,6,5
9780000000465,Of she true radio,Katherine Johnson,Self-Help,We language issue model model.,English,1,0
9780000000466,Against rest best,Melissa Ashley,Mystery,Free why education play own culture blood. Score style less.,Hindi,1,1
9780000000467,Order,Michael Oneal,Historical;Children,Body particular will so level free. Deep could threat.,Chinese,13,0
9780000000468,Fire must grow early decision,Danny Rogers,Horror;Fantasy;Poetry,Like stuff too president including. Degree many sing to hit.,French,14,4
9780000000469,Wear everybody say accept,Craig Anderson,Thriller;Horror;Poetry,Star central apply near forget.,German,11,5
9780000000470,Few support list bag,Ian Sanchez,Romance,Daughter up garden from smile.,Japanese,5,0
9780000000471,Sit benefit,Alexa Anderson,Romance,How marriage compare line. Trade crime training success.,German,19,19
9780000000472,Edge Republican,Kristen Scott,Poetry;Non-Fiction;Romance,Eight firm guy impact. Benefit suggest indicate practice.,English,14,13
9780000000473,Our hot,Sarah Vega,Horror;Romance;Fiction,Else draw cup support include western nor.,Portuguese,4,1
9780000000474,Citizen,Mitchell Bailey,Romance,Behavior account way oil both drop town. Career strong environment.,English,8,3
9780000000475,Improve today best,Melanie Peterson,Philosophy;Mystery,Clear prove address staff east professional fine.,Japanese,15,7
9780000000476,Speak four over anyone size size trade,Jordan Pham,Poetry;Romance,Whose adult at well education. Themselves support strong compare I full wall.,Chinese,13,7
9780000000477,Democratic herself throw recognize industry fish,Mr. William Ross DDS,Self-Help;Historical;Fiction,Hotel manage store trip second fly. Not success country already call.,Spanish,13,2
9780000000478,Something cut,Kristina King,Historical;Young Adult,Life stay appear sort six might. Adult success prove son poor other not between.,French,19,8
9780000000479,Image public easy,Jason Frey,Self-Help;Children;Fiction,Laugh laugh red.,English,7,1
9780000000480,Church effort,Michele Brown,Non-Fiction;Children;Young Adult,People happen group.,Japanese,12,3
9780000000481,Response attorney,Douglas Kirby,Mystery;Children,Eye similar instead kitchen best sell. Reach relate husband receive.,French,16,7
9780000000482,Course for total drug,Jennifer Collins,Non-Fiction;Young Adult;Historical,Guy natural minute dinner compare understand fire. Surface learn national position.,Spanish,8,2
9780000000483,Have,Dominique Moreno,Children,Likely per attorney painting state.,German,14,9
9780000000484,Detail main officer,Sharon Winters,Self-Help;Philosophy;Historical,Radio key data.,French,7,6
9780000000485,Let once during cup against evening,Toni Clay,Historical;Fiction,Region seek short born toward.,Japanese,18,15
9780000000486,Herself,Michelle Gibbs,Historical;Thriller,Goal since environment not increase.,Spanish,5,4
9780000000487,Compare like,Jacqueline Edwards,Horror;Mystery,From usually contain heart it newspaper.,Portuguese,9,4
9780000000488,Area those challenge continue,Joseph Vasquez,Fiction;Horror,Young ability forward employee popular.,German,18,2
9780000000489,Poor have because,Michael Clark,Horror;Science Fiction,Cold life lay control remain table manage.,Japanese,14,10
9780000000490,Court message produce security each,Bonnie Campos,Biography,Coach play television issue.,English,11,11
9780000000491,Yet ball south short,Molly Williams,Thriller;Poetry;Science Fiction,Director science star pick each dream beat.,English,11,6
9780000000492,Eye black human,Jeremiah Stevenson,Historical;Mystery;Horror,Picture commercial whether amount. Statement according smile hair eight loss speech.,French,6,6
9780000000493,Eye staff all,Robin Wade,Science Fiction;Horror;Young Adult,Congress commercial either five affect view teach.,French,12,10
9780000000494,Personal visit glass,Kerry Arroyo,Science Fiction;Horror,Radio model air dark from whom hold.,English,13,6
9780000000495,True middle may tree window,Jaime Jackson,Fantasy,Old cultural occur half believe population. Type movie onto west.,German,20,6
9780000000496,Power bar wind develop road,Kevin Joyce,Science Fiction;Fantasy,Activity thought doctor development. Federal perform cover for.,French,17,3
9780000000497,Ask however much,James Duncan,Romance,Already money weight take national. Special dinner apply article.,French,16,5
9780000000498,Expect third place field,Jennifer Montgomery,Self-Help,Shake look perhaps.,Chinese,10,0
9780000000499,Space fire give turn daughter likely always,Jason Brewer,Fiction;Biography,Conference laugh glass rich last democratic. Word how effect opportunity in near machine.,Portuguese,7,4
9780000000500,Seek whatever great house hear,David Andrade,Poetry;Self-Help,Onto more whom quite talk night week adult.,Arabic,7,7
